<?xml version="1.0" encoding="UTF-8"?>
<listings><listing><itemNumber>653343359e052</itemNumber><customerId>6532a8acda983</customerId><itemName>vivo s1 mobile</itemName><category>Phone</category><description>phone</description><startPrice>1000</startPrice><reservePrice>1200</reservePrice><buyItNowPrice>1300</buyItNowPrice><currentBidPrice>1000</currentBidPrice><startDate>2023-10-21</startDate><startTime>14:19:17</startTime><duration>1-0-0</duration><status>in_progress</status></listing></listings>
