<?xml version="1.0" encoding="UTF-8"?>
<customers><customer><CustomerId>652428aa9107c</CustomerId><FirstName>Zubair</FirstName><SurName>Ali</SurName><Email>zubairalidev@gmail.com</Email><Password>1</Password></customer><customer><CustomerId>65242edd44abb</CustomerId><FirstName>Hamza</FirstName><SurName>Ali</SurName><Email>hamza@gmail.com</Email><Password>1</Password></customer><customer><CustomerId>652901cc6f6b2</CustomerId><FirstName>Nabeel</FirstName><SurName>HondaCivic</SurName><Email>abbc@gmail.com</Email><Password>123456</Password></customer><customer><CustomerId>65297dd654310</CustomerId><FirstName>a</FirstName><SurName>a</SurName><Email>a@gmail.com</Email><Password>123</Password></customer><customer><CustomerId>65297df9a6425</CustomerId><FirstName>Zubair</FirstName><SurName>Ali</SurName><Email>zubairkamboh9010@gmail.com</Email><Password>1</Password></customer><customer><CustomerId>65298fb310e4e</CustomerId><FirstName>a</FirstName><SurName>a</SurName><Email>1@gmail.comm</Email><Password>1</Password></customer><customer><CustomerId>65329eeb1bee3</CustomerId><FirstName>hi</FirstName><SurName>hi</SurName><Email>hi@gmail.com</Email><Password>1</Password></customer><customer><CustomerId>6532a0931833c</CustomerId><FirstName>hey</FirstName><SurName>hey</SurName><Email>hey@gmail.com</Email><Password>1</Password></customer><customer><CustomerId>6532a11d577ea</CustomerId><FirstName>s</FirstName><SurName>s</SurName><Email>s@gmail.com</Email><Password>s</Password></customer><customer><CustomerId>6532a196abb3b</CustomerId><FirstName>c</FirstName><SurName>c</SurName><Email>c@gmail.com</Email><Password>c</Password></customer><customer><CustomerId>6532a1dddd62e</CustomerId><FirstName>d</FirstName><SurName>d</SurName><Email>d@gmail.com</Email><Password>d</Password></customer><customer><CustomerId>6532a438beaf4</CustomerId><FirstName>e</FirstName><SurName>e</SurName><Email>e@gmail.com</Email><Password>e</Password></customer><customer><CustomerId>6532a47ec5bfb</CustomerId><FirstName>f</FirstName><SurName>f</SurName><Email>f@gmail.com</Email><Password>f</Password></customer><customer><CustomerId>6532a5b824e00</CustomerId><FirstName>1</FirstName><SurName>1</SurName><Email>1@gmail.com</Email><Password>1</Password></customer><customer><CustomerId>6532a7b4a1e73</CustomerId><FirstName>ss</FirstName><SurName>s</SurName><Email>ss@gmail.com</Email><Password>s</Password></customer><customer><CustomerId>6532a8acda983</CustomerId><FirstName>l</FirstName><SurName>l</SurName><Email>l@gmail.com</Email><Password>l</Password></customer></customers>
